,model,scaler,R2,RMSE,duration,not null gt,exclude,columns
0,XGBoost,quantile,55.53445979283891,0.21939122211566445,1.0,20,sat geometry,37
1,XGBoost,quantile,56.84837428124574,0.21612551544601027,0.0,20,all sat data,7
2,XGBoost,quantile,55.43323588738478,0.21964079753859408,2.0,20,nothing,68
3,XGBoost,quantile,56.453713976376044,0.21711159673165642,1.0,80,sat geometry,27
4,XGBoost,quantile,56.84837428124574,0.21612551544601027,0.0,80,all sat data,7
5,XGBoost,quantile,55.373842260588646,0.21978710522317127,1.0,80,nothing,50
6,XGBoost,quantile,57.34096599975087,0.21488839855166603,1.0,90,sat geometry,24
7,XGBoost,quantile,56.84837428124574,0.21612551544601027,0.0,90,all sat data,7
8,XGBoost,quantile,59.414923608338235,0.20959969426355668,1.0,90,nothing,42
9,XGBoost,robust,56.95577538248256,0.21585638793022077,1.0,20,sat geometry,37
10,XGBoost,robust,56.86615668841056,0.21608097914091742,0.0,20,all sat data,7
11,XGBoost,robust,57.81538139205315,0.21369016009707353,2.0,20,nothing,68
12,XGBoost,robust,57.53355529271259,0.21440278019367948,0.0,80,sat geometry,27
13,XGBoost,robust,56.86615668841056,0.21608097914091742,0.0,80,all sat data,7
14,XGBoost,robust,57.34797180711344,0.21487075248237486,1.0,80,nothing,50
15,XGBoost,robust,58.05758600367267,0.21307582187598936,0.0,90,sat geometry,24
16,XGBoost,robust,56.86615668841056,0.21608097914091742,0.0,90,all sat data,7
17,XGBoost,robust,57.34256430372815,0.2148843729073065,1.0,90,nothing,42
18,XGBoost,power,55.580491682868406,0.2192776329452432,1.0,20,sat geometry,37
19,XGBoost,power,56.375679324981974,0.21730604091983519,0.0,20,all sat data,7
20,XGBoost,power,56.96853541772171,0.21582439131168274,2.0,20,nothing,68
21,XGBoost,power,56.42018908258506,0.21719515429219755,1.0,80,sat geometry,27
22,XGBoost,power,56.375679324981974,0.21730604091983519,0.0,80,all sat data,7
23,XGBoost,power,56.314586263129755,0.21745814926715948,1.0,80,nothing,50
24,XGBoost,power,58.70905541394773,0.21141454849055547,0.0,90,sat geometry,24
25,XGBoost,power,56.375679324981974,0.21730604091983519,0.0,90,all sat data,7
26,XGBoost,power,58.66140359235894,0.21153650481250835,1.0,90,nothing,42
27,Elastic_Net,quantile,-0.0012608603577879407,0.329010833830197,1.0,20,sat geometry,37
28,Elastic_Net,quantile,-0.0012608603577879407,0.329010833830197,0.0,20,all sat data,7
29,Elastic_Net,quantile,-0.0012608603577879407,0.329010833830197,2.0,20,nothing,68
30,Elastic_Net,quantile,-0.0012608603577879407,0.329010833830197,1.0,80,sat geometry,27
31,Elastic_Net,quantile,-0.0012608603577879407,0.329010833830197,0.0,80,all sat data,7
32,Elastic_Net,quantile,-0.0012608603577879407,0.329010833830197,1.0,80,nothing,50
33,Elastic_Net,quantile,-0.0012608603577879407,0.329010833830197,0.0,90,sat geometry,24
34,Elastic_Net,quantile,-0.0012608603577879407,0.329010833830197,0.0,90,all sat data,7
35,Elastic_Net,quantile,-0.0012608603577879407,0.329010833830197,1.0,90,nothing,42
36,Elastic_Net,robust,-0.0012608603577879407,0.329010833830197,1.0,20,sat geometry,37
37,Elastic_Net,robust,-0.0012608603577879407,0.329010833830197,0.0,20,all sat data,7
38,Elastic_Net,robust,-0.0012608603577879407,0.329010833830197,1.0,20,nothing,68
39,Elastic_Net,robust,-0.0012608603577879407,0.329010833830197,0.0,80,sat geometry,27
40,Elastic_Net,robust,-0.0012608603577879407,0.329010833830197,0.0,80,all sat data,7
41,Elastic_Net,robust,-0.0012608603577879407,0.329010833830197,1.0,80,nothing,50
42,Elastic_Net,robust,-0.0012608603577879407,0.329010833830197,0.0,90,sat geometry,24
43,Elastic_Net,robust,-0.0012608603577879407,0.329010833830197,0.0,90,all sat data,7
44,Elastic_Net,robust,-0.0012608603577879407,0.329010833830197,0.0,90,nothing,42
45,Elastic_Net,power,-0.0012608603577879407,0.329010833830197,1.0,20,sat geometry,37
46,Elastic_Net,power,-0.0012608603577879407,0.329010833830197,0.0,20,all sat data,7
47,Elastic_Net,power,-0.0012608603577879407,0.329010833830197,1.0,20,nothing,68
48,Elastic_Net,power,-0.0012608603577879407,0.329010833830197,0.0,80,sat geometry,27
49,Elastic_Net,power,-0.0012608603577879407,0.329010833830197,0.0,80,all sat data,7
50,Elastic_Net,power,-0.0012608603577879407,0.329010833830197,1.0,80,nothing,50
51,Elastic_Net,power,-0.0012608603577879407,0.329010833830197,0.0,90,sat geometry,24
52,Elastic_Net,power,-0.0012608603577879407,0.329010833830197,0.0,90,all sat data,7
53,Elastic_Net,power,-0.0012608603577879407,0.329010833830197,0.0,90,nothing,42
54,Random Forest,quantile,-0.0032409017181489475,0.32901409104829954,1.0,20,sat geometry,37
55,Random Forest,quantile,-0.0032409017181489475,0.32901409104829954,0.0,20,all sat data,7
56,Random Forest,quantile,-0.0032409017181489475,0.32901409104829954,2.0,20,nothing,68
57,Random Forest,quantile,-0.0032409017181489475,0.32901409104829954,1.0,80,sat geometry,27
58,Random Forest,quantile,-0.0032409017181489475,0.32901409104829954,0.0,80,all sat data,7
59,Random Forest,quantile,-0.0032409017181489475,0.32901409104829954,2.0,80,nothing,50
60,Random Forest,quantile,-0.0032409017181489475,0.32901409104829954,1.0,90,sat geometry,24
61,Random Forest,quantile,-0.0032409017181489475,0.32901409104829954,0.0,90,all sat data,7
62,Random Forest,quantile,-0.0032409017181489475,0.32901409104829954,1.0,90,nothing,42
63,Random Forest,robust,-0.0032409017181489475,0.32901409104829954,1.0,20,sat geometry,37
64,Random Forest,robust,-0.0032409017181489475,0.32901409104829954,0.0,20,all sat data,7
65,Random Forest,robust,-0.0032409017181489475,0.32901409104829954,2.0,20,nothing,68
66,Random Forest,robust,-0.0032409017181489475,0.32901409104829954,1.0,80,sat geometry,27
67,Random Forest,robust,-0.0032409017181489475,0.32901409104829954,0.0,80,all sat data,7
68,Random Forest,robust,-0.0032409017181489475,0.32901409104829954,1.0,80,nothing,50
69,Random Forest,robust,-0.0032409017181489475,0.32901409104829954,1.0,90,sat geometry,24
70,Random Forest,robust,-0.0032409017181489475,0.32901409104829954,0.0,90,all sat data,7
71,Random Forest,robust,-0.0032409017181489475,0.32901409104829954,1.0,90,nothing,42
72,Random Forest,power,-0.0032409017181489475,0.32901409104829954,1.0,20,sat geometry,37
73,Random Forest,power,-0.0032409017181489475,0.32901409104829954,0.0,20,all sat data,7
74,Random Forest,power,-0.0032409017181489475,0.32901409104829954,2.0,20,nothing,68
75,Random Forest,power,-0.0032409017181489475,0.32901409104829954,1.0,80,sat geometry,27
76,Random Forest,power,-0.0032409017181489475,0.32901409104829954,0.0,80,all sat data,7
77,Random Forest,power,-0.0032409017181489475,0.32901409104829954,1.0,80,nothing,50
78,Random Forest,power,-0.0032409017181489475,0.32901409104829954,1.0,90,sat geometry,24
79,Random Forest,power,-0.0032409017181489475,0.32901409104829954,0.0,90,all sat data,7
80,Random Forest,power,-0.0032409017181489475,0.32901409104829954,1.0,90,nothing,42
81,LGBoost,quantile,44.73605306005922,0.2445842067395306,1.0,20,sat geometry,37
82,LGBoost,quantile,21.422332541961964,0.29164667356338375,0.0,20,all sat data,7
83,LGBoost,quantile,47.40399574376114,0.2386073606735579,2.0,20,nothing,68
84,LGBoost,quantile,42.4147466748788,0.2496681261783904,1.0,80,sat geometry,27
85,LGBoost,quantile,21.422332541961964,0.29164667356338375,0.0,80,all sat data,7
86,LGBoost,quantile,46.59557835601933,0.24043410371437896,1.0,80,nothing,50
87,LGBoost,quantile,39.485570495307066,0.2559392733713051,0.0,90,sat geometry,24
88,LGBoost,quantile,21.422332541961964,0.29164667356338375,0.0,90,all sat data,7
89,LGBoost,quantile,45.86570561669387,0.2420715221791189,1.0,90,nothing,42
90,LGBoost,robust,44.967191532417715,0.24407219069337605,1.0,20,sat geometry,37
91,LGBoost,robust,19.819762734599443,0.29460568928126624,0.0,20,all sat data,7
92,LGBoost,robust,48.81279702951172,0.23539008213064538,1.0,20,nothing,68
93,LGBoost,robust,44.54890613016565,0.24499798913832516,0.0,80,sat geometry,27
94,LGBoost,robust,19.819762734599443,0.29460568928126624,0.0,80,all sat data,7
95,LGBoost,robust,46.528300884057536,0.24058550229636463,1.0,80,nothing,50
96,LGBoost,robust,38.729953743900836,0.2575322161109083,0.0,90,sat geometry,24
97,LGBoost,robust,19.819762734599443,0.29460568928126624,0.0,90,all sat data,7
98,LGBoost,robust,46.18455397023826,0.2413575746181112,0.0,90,nothing,42
99,LGBoost,power,45.24113132088561,0.24346396717730343,1.0,20,sat geometry,37
100,LGBoost,power,21.817747624186936,0.29091194229518863,0.0,20,all sat data,7
101,LGBoost,power,48.371772248829515,0.23640195815331394,1.0,20,nothing,68
102,LGBoost,power,44.680064266005495,0.24470807147320667,0.0,80,sat geometry,27
103,LGBoost,power,21.817747624186936,0.29091194229518863,0.0,80,all sat data,7
104,LGBoost,power,46.551875577483145,0.24053246157733627,1.0,80,nothing,50
105,LGBoost,power,40.671202943406726,0.2534196182156691,0.0,90,sat geometry,24
106,LGBoost,power,21.817747624186936,0.29091194229518863,0.0,90,all sat data,7
107,LGBoost,power,46.83815185075236,0.2398874324984931,1.0,90,nothing,42
